file,time,diff,color1,perct1,color2,perct2,color3,perct3,color4,perct4,color5,perct5,color6,perct6,color7,perct7,color8,perct8,color9,perct9,color10,perct10,color11,perct11,color12,perct12,color13,perct13,color14,perct14,color15,perct15,color16,perct16,color17,perct17,color18,perct18,color19,perct19,color20,perct20,color21,perct21,color22,perct22,color23,perct23,color24,perct24,color25,perct25,color26,perct26,color27,perct27,color28,perct28,color29,perct29,color30,perct30,color31,perct31,color32,perct32,color33,perct33,color34,perct34,color35,perct35,color36,perct36,color37,perct37,color38,perct38,color39,perct39,color40,perct40,color41,perct41,color42,perct42,color43,perct43,color44,perct44,color45,perct45,color46,perct46,color47,perct47,color48,perct48,color49,perct49,color50,perct50,color51,perct51,color52,perct52,color53,perct53,color54,perct54,color55,perct55,color56,perct56,color57,perct57,color58,perct58,color59,perct59,color60,perct60,color61,perct61,color62,perct62,color63,perct63,color64,perct64
012501_DSC03539.png.csv,01:25:38,0,-15529203,16.16,-15989238,14.86,-15857396,9.98,-16055290,9.49,-15135219,5.77,-15726837,5.43,-16382967,4.61,-14937582,4.26,-15397871,3.71,-14478317,3.36,-15134958,2.25,-15529722,2.08,-16383226,2,-13886955,1.19,-15003634,1.18,-16054009,1.07,-15661563,0.94,-14084589,0.9,-14280682,0.85,-15331054,0.84,-13952231,0.57,-13427175,0.56,-13493227,0.52,-14478834,0.47,-14937319,0.43,-12376806,0.43,-12901605,0.42,-13360869,0.42,-15529966,0.4,-12048358,0.36,-12968684,0.33,-14346215,0.28,-12836586,0.27,-7514581,0.27,-15005179,0.26,-9812952,0.26,-10996188,0.25,-9024212,0.21,-14019572,0.21,-11326440,0.19,-10996707,0.17,-11915741,0.17,-10142685,0.16,-7117003,0.16,-14414584,0.14,-13429236,0.14,-11720431,0.11,-10078180,0.1,-5207465,0.1,-15331059,0.1,-5741777,0.09,-12051952,0.08,-15857136,0.08,-6525365,0.07,-1587290,0.05,-13032158,0.04,-3180747,0.04,-6867924,0.03,-2845103,0.02,-10021617,0.02,-13360876,0.02,-9096153,0.02,-9153208,0.02,-10140891,0.01
012502_DSC03540.png.csv,01:25:52,14,-15463668,16.15,-15989494,13.26,-15857396,8.02,-15069939,7.34,-15661301,6.75,-16120569,5.7,-15989754,5.58,-14937582,4.65,-14478317,3.76,-15529977,3.47,-15397871,2.79,-15135214,2,-15661563,1.78,-16317947,1.67,-13886956,1.36,-14938097,1.24,-14084589,1.1,-14280682,1.08,-14478834,0.91,-12179687,0.89,-15199980,0.82,-15005179,0.69,-13952231,0.65,-13493227,0.61,-13295333,0.5,-13492711,0.47,-14414584,0.43,-12968685,0.41,-15530223,0.41,-13297909,0.36,-13954037,0.34,-14280679,0.33,-12901349,0.32,-9812697,0.31,-7645653,0.31,-12836586,0.31,-10996709,0.31,-15071740,0.29,-9023701,0.26,-11261161,0.23,-10142685,0.23,-10996189,0.22,-12051443,0.2,-7116491,0.17,-10013415,0.16,-11915741,0.16,-11654897,0.15,-15331059,0.14,-6393271,0.09,-5339051,0.08,-15857648,0.07,-5938129,0.07,-9550051,0.07,-401753,0.06,-14086644,0.06,-13031902,0.06,-2578340,0.05,-7392479,0.03,-9226971,0.03,-10085873,0.03,-13360622,0.02,-9151671,0.01,-1388113,0.01,-6003067,0
012601_DSC03541.png.csv,01:26:10,17,-16055031,23.92,-16120826,18.29,-15857396,15.77,-15529204,10.72,-16383227,6.02,-16382967,5.87,-15726837,3.01,-15069940,2.78,-15595514,2.04,-15528943,1.81,-15922938,1.71,-15596027,0.89,-14478579,0.79,-14937583,0.56,-14937843,0.51,-15004923,0.47,-14478318,0.32,-12113641,0.32,-15134959,0.29,-13821421,0.29,-13427437,0.28,-14019315,0.26,-14019055,0.23,-12901612,0.17,-15071742,0.16,-13163752,0.16,-14545398,0.16,-11062245,0.15,-13362932,0.15,-15331310,0.14,-14349563,0.14,-15071735,0.14,-11260648,0.13,-13165291,0.12,-15530478,0.1,-11850991,0.1,-14214890,0.09,-13953526,0.09,-15791600,0.08,-9877723,0.07,-16381690,0.07,-11455451,0.07,-13693686,0.05,-9220049,0.05,-13098736,0.05,-12052467,0.05,-10012635,0.04,-1784154,0.04,-15265524,0.04,-7181997,0.03,-6922704,0.02,-10210278,0.02,-10075363,0.02,-13162973,0.02,-3497369,0.02,-14871527,0.02,-10087145,0.01,-9414581,0.01,-10927310,0.01,-4097919,0.01,-15989742,0.01,-6602442,0,-11389111,0,-15920633,0
012602_DSC03542.png.csv,01:26:22,12,-16514042,49.1,-16382967,19.11,-16120571,11.19,-16186103,5.21,-15463927,3.41,-15595514,2.55,-15069941,2.02,-15922938,1.91,-15661563,1.38,-15922935,1.29,-14478836,0.59,-15004666,0.43,-15726840,0.32,-14872308,0.26,-14150386,0.18,-14610934,0.11,-14084591,0.1,-15071738,0.08,-13886957,0.08,-14872047,0.06,-14478318,0.05,-14545915,0.04,-13163240,0.04,-16447229,0.03,-14214633,0.03,-13493228,0.03,-14084345,0.03,-12309480,0.02,-11717866,0.02,-15068922,0.02,-13297399,0.02,-13360112,0.02,-15201261,0.02,-10992081,0.02,-11651289,0.02,-201038,0.02,-12044761,0.02,-6920148,0.01,-15069652,0.01,-5068617,0.01,-5860766,0.01,-7572905,0.01,-9479899,0.01,-3233176,0.01,-1649769,0.01,-529706,0.01,-3557738,0.01,-15199980,0.01,-15988975,0.01,-13825263,0.01,-14087672,0.01,-11988213,0.01,-9215406,0.01,-13031133,0.01,-9940430,0.01,-9873846,0.01,-2245541,0,-13621462,0,-3515063,0,-9692920,0,-11978172,0,-6680046,0,-14674614,0,-9472874,0
013001_DSC03543.png.csv,01:30:54,264,-16448502,59.08,-16579835,26.71,-16251124,3.89,-16119285,3.31,-16381948,1.73,-16119290,1.54,-16381685,0.77,-15594230,0.46,-16185852,0.44,-15462131,0.31,-15002351,0.14,-13952237,0.13,-15002867,0.12,-14410733,0.11,-15135220,0.08,-15594747,0.07,-14870252,0.07,-13950187,0.06,-15461614,0.06,-13423846,0.05,-15987951,0.05,-13427948,0.05,-14870260,0.05,-14478067,0.05,-13884390,0.05,-12180716,0.04,-12968429,0.04,-15464954,0.04,-14543599,0.03,-14279914,0.03,-14345971,0.03,-12897243,0.03,-15199226,0.03,-14146792,0.03,-16382959,0.03,-12371673,0.02,-11261674,0.02,-13163240,0.02,-15001318,0.02,-13165544,0.01,-6856907,0.01,-15528685,0.01,-13693430,0.01,-10014177,0.01,-11516106,0.01,-9607334,0.01,-13029090,0.01,-6582669,0.01,-12314862,0.01,-5856362,0.01,-11579832,0.01,-9743048,0.01,-13685721,0.01,-15002332,0,-2381144,0,-7850429,0,-3245948,0,-7050918,0,-12893641,0,-13819123,0,-2765645,0,-11718099,0,-15855349,0,-1120555,0
013101_DSC03544.png.csv,01:31:04,10,-16514043,35.48,-16448503,34.5,-15988215,8.69,-16119546,4.29,-15594230,3.28,-16316413,2.77,-16185591,2.77,-16185595,2.34,-15461875,1.54,-15595001,0.76,-16316151,0.71,-15068147,0.56,-15067887,0.34,-15069685,0.32,-14870254,0.21,-15396079,0.2,-14478836,0.15,-14541805,0.11,-14870258,0.1,-13954034,0.09,-14146536,0.08,-15070202,0.08,-15596026,0.06,-15265019,0.06,-13231598,0.05,-13358309,0.04,-15593711,0.04,-15066343,0.04,-13028318,0.03,-13363443,0.03,-14342364,0.03,-6120597,0.02,-13618131,0.02,-12376553,0.02,-14479862,0.02,-14476790,0.02,-14084846,0.02,-13423599,0.01,-11295251,0.01,-16246996,0.01,-10660561,0.01,-1844317,0.01,-922958,0.01,-265018,0.01,-2897003,0.01,-9935545,0.01,-15135468,0.01,-16053486,0.01,-6417889,0.01,-11201259,0.01,-12958917,0,-15855347,0,-14802656,0,-13563378,0,-15453092,0,-680638,0,-4476026,0,-13079127,0,-1398879,0,-12017947,0,-692090,0,-3714490,0,-666166,0,-14728339,0
013201_DSC03545.png.csv,01:32:28,82,-16514043,47.22,-16448503,21.17,-16053750,7.74,-16316413,6.46,-16184827,5.97,-16185851,2.97,-16185590,2.85,-15527412,1.9,-16316151,1.1,-15659510,0.43,-15133427,0.4,-15527418,0.23,-15659770,0.14,-15395823,0.12,-15133167,0.09,-14935795,0.07,-13949159,0.06,-14869997,0.06,-461353,0.05,-14343660,0.05,-15464953,0.04,-13093339,0.04,-11449040,0.04,-4935286,0.04,-65542,0.04,-921911,0.04,-15790069,0.04,-14541549,0.04,-3356519,0.03,-2369356,0.03,-7040916,0.03,-2895960,0.03,-14476534,0.03,-13489125,0.03,-9277875,0.03,-66328,0.03,-16053487,0.03,-1251144,0.02,-15001852,0.02,-5462151,0.02,-15594220,0.02,-65804,0.02,-13890808,0.02,-7698856,0.02,-10310667,0.01,-13410655,0.01,-5096399,0.01,-14410984,0.01,-1985971,0.01,-16181978,0.01,-11395056,0.01,-10330553,0.01,-13620464,0.01,-13554655,0.01,-15001575,0.01,-10200276,0.01,-5989012,0.01,-1843792,0.01,-1384251,0.01,-3557229,0.01,-8159913,0,-15920891,0,-15520168,0,-1516393,0
013701_DSC03546.png.csv,01:37:30,294,-16514042,42.67,-16448503,27.83,-15988215,6.24,-15988474,5.27,-16251382,4.62,-15594230,3.57,-16316413,2.74,-16185852,2.51,-15002867,0.87,-16316150,0.63,-15594746,0.51,-15396595,0.45,-15135220,0.43,-14411246,0.36,-14937071,0.22,-14082797,0.13,-14608883,0.1,-14477042,0.09,-14608879,0.08,-15596027,0.07,-15067886,0.06,-13819627,0.05,-13359079,0.04,-15202041,0.04,-15068412,0.04,-14214905,0.03,-13884903,0.03,-14279912,0.03,-12832485,0.02,-15463151,0.02,-12306396,0.02,-2700656,0.01,-10069968,0.01,-4937871,0.01,-67384,0.01,-6057382,0.01,-595540,0.01,-6986205,0.01,-3297430,0.01,-1057378,0.01,-7767987,0.01,-68168,0.01,-1583466,0.01,-6679524,0.01,-13758712,0.01,-13490680,0.01,-16185583,0.01,-10612467,0.01,-11253459,0.01,-9674163,0.01,-11980271,0.01,-13029597,0.01,-12240591,0,-598412,0,-6835241,0,-10071004,0,-2799287,0,-2314959,0,-9398315,0,-11901031,0,-2903158,0,-16051697,0,-15460568,0,-14075300,0
014201_DSC03547.png.csv,01:42:40,301,-16514042,41.68,-16448503,35.03,-16186107,5.11,-16185846,3.61,-15463414,2.89,-16316404,2.52,-15922934,2.17,-15922938,1.95,-15003124,0.89,-16447228,0.89,-15595002,0.85,-15135220,0.69,-14411246,0.28,-15331059,0.17,-14017261,0.15,-15661559,0.11,-14608883,0.1,-14477042,0.08,-15596028,0.08,-14937071,0.07,-15070204,0.07,-13819627,0.06,-14608879,0.06,-15003386,0.06,-15330808,0.03,-13819623,0.03,-15071995,0.03,-13294057,0.03,-14149367,0.03,-14350072,0.02,-14214375,0.02,-11847897,0.02,-12176358,0.02,-202064,0.01,-13430515,0.01,-10143469,0.01,-1781347,0.01,-13294327,0.01,-11123413,0.01,-5663644,0.01,-6876127,0.01,-15397870,0.01,-13293531,0.01,-16054766,0.01,-11718383,0.01,-11794933,0.01,-9745110,0.01,-9613282,0.01,-9500398,0.01,-15067883,0.01,-2471081,0,-14540513,0,-14869205,0,-13617327,0,-862616,0,-10128480,0,-7639219,0,-3167928,0,-2119282,0,-9477811,0,-15920881,0,-5460283,0,-5272277,0,-7443674,0
014202_DSC03548.png.csv,01:42:48,8,-16514042,42.44,-16382967,26.28,-16186108,7.67,-16251382,7.6,-15988474,3.36,-16316413,3.19,-15528950,2.79,-15922935,1.84,-15595002,1.13,-15003124,0.83,-15135220,0.67,-16381940,0.29,-14017262,0.2,-15331059,0.16,-14345970,0.14,-14345710,0.14,-14543347,0.14,-15661564,0.13,-15135227,0.1,-15661303,0.09,-14871791,0.08,-14083314,0.08,-15068923,0.08,-14543342,0.08,-13491435,0.05,-13819628,0.05,-13162213,0.04,-14149096,0.03,-11319247,0.02,-14346492,0.02,-15332333,0.02,-13884901,0.02,-12109528,0.02,-9674668,0.02,-5463407,0.01,-10136527,0.01,-15988462,0.01,-15134933,0.01,-7507119,0.01,-12045037,0.01,-331853,0.01,-1977954,0.01,-13293299,0.01,-67898,0.01,-6122137,0.01,-15006457,0.01,-13824757,0.01,-13029591,0.01,-4366525,0.01,-13227229,0.01,-15265275,0.01,-11663605,0.01,-7006434,0.01,-12174540,0.01,-15199468,0.01,-10333406,0,-2444977,0,-2971793,0,-927253,0,-2707055,0,-4539683,0,-14016441,0,-9210222,0,-9564910,0
014301_DSC03549.png.csv,01:43:02,14,-16579837,39.52,-16120828,29.15,-15922938,6.15,-16448503,3.43,-15857400,3.11,-15595258,3.09,-16055031,2.71,-15463671,2.05,-15070198,1.85,-15661563,1.27,-14413300,0.82,-15070458,0.67,-13954293,0.48,-16447227,0.36,-12838387,0.35,-13429493,0.34,-12903407,0.33,-13362930,0.29,-14545398,0.28,-15661303,0.27,-12114924,0.25,-13888760,0.23,-12379380,0.23,-14872307,0.2,-11131885,0.2,-11854835,0.19,-13036021,0.18,-13362415,0.15,-14084334,0.13,-9951725,0.13,-12836587,0.13,-7523055,0.12,-12313071,0.1,-14349050,0.1,-8967405,0.1,-10935794,0.1,-5222891,0.09,-11917296,0.07,-11396080,0.07,-13494510,0.06,-2921956,0.06,-15071739,0.05,-11264755,0.05,-12380664,0.05,-14872046,0.05,-9426159,0.04,-10532561,0.04,-11585754,0.04,-663646,0.03,-4481689,0.03,-13032167,0.03,-9412528,0.02,-15398126,0.02,-817110,0.02,-6598879,0.02,-13622234,0.02,-15199992,0.02,-3163741,0.01,-13360622,0.01,-13562871,0.01,-10017001,0.01,-6460078,0.01,-14149042,0,-7067096,0
014302_DSC03550.png.csv,01:43:12,10,-16514042,63.26,-16448760,14.2,-16120571,11.45,-16120567,3.45,-15923194,1.37,-15661563,0.94,-14939382,0.83,-15529978,0.63,-15463927,0.52,-14480374,0.46,-15923191,0.39,-14939898,0.32,-13955574,0.32,-14480890,0.18,-15661304,0.18,-15006203,0.14,-15005943,0.11,-13364981,0.1,-14413555,0.09,-13823731,0.09,-12905717,0.09,-13956090,0.08,-12381429,0.07,-11069685,0.06,-11856630,0.05,-10085365,0.04,-13365754,0.04,-13233913,0.04,-8903925,0.04,-14281196,0.04,-7196654,0.04,-5818095,0.03,-14481917,0.03,-13496567,0.03,-9558765,0.02,-4896746,0.02,-12907258,0.02,-7984884,0.02,-11987959,0.02,-9495283,0.02,-12117998,0.02,-15002605,0.02,-11068654,0.02,-15003378,0.02,-7246489,0.01,-11456470,0.01,-13232622,0.01,-11125186,0.01,-6074836,0.01,-10069932,0.01,-3584234,0.01,-5464936,0.01,-12055290,0.01,-13885409,0.01,-15594733,0.01,-13424087,0.01,-16512764,0.01,-14414064,0.01,-2859735,0,-7833207,0,-2706770,0,-14216187,0,-6191238,0,-7918294,0
014303_DSC03551.png.csv,01:43:20,8,-16579835,49.64,-16448503,25.83,-15988474,4.22,-15988214,4.19,-16316413,3.26,-16185590,2.81,-16185852,2.73,-15529207,1.93,-15595258,1.1,-16316151,0.83,-15004666,0.59,-15004663,0.59,-15661307,0.25,-14479093,0.23,-13954549,0.14,-15527411,0.13,-13429494,0.12,-14545143,0.1,-12379382,0.09,-13889274,0.08,-11854581,0.08,-12838645,0.07,-14872309,0.07,-15464953,0.06,-13167097,0.06,-9950710,0.06,-10803957,0.05,-12970487,0.05,-11394548,0.05,-14545658,0.05,-8834547,0.05,-8112108,0.04,-15199482,0.03,-6514071,0.03,-14347514,0.03,-11722484,0.03,-9229044,0.03,-8768494,0.03,-10857682,0.02,-10869754,0.02,-11065838,0.02,-9490416,0.02,-10081773,0.02,-6265823,0.02,-13883119,0.02,-15330543,0.02,-12183290,0.02,-16119534,0.02,-14021114,0.02,-11852014,0.01,-7982322,0.01,-6284510,0.01,-4736890,0.01,-11527925,0.01,-1882048,0.01,-13800771,0.01,-9408436,0.01,-12876585,0,-3356014,0,-13626868,0,-14933464,0,-9760240,0,-14730917,0,-3760050,0
014304_DSC03552.png.csv,01:43:32,12,-15987694,17.63,-16448244,15.25,-16053747,13.51,-15461613,4.76,-16316403,3.84,-15001068,2.93,-16251124,2.8,-16448239,2.27,-14476269,2.25,-16381679,2,-15527410,1.99,-15132910,1.86,-15263724,1.71,-13360363,1.57,-16119290,1.56,-13950188,1.38,-14409195,1.33,-14935015,1.18,-15395815,1.18,-13031400,1.11,-16053738,1.1,-16382202,1.05,-13488870,1.03,-14936819,0.92,-12966379,0.92,-14017006,0.89,-14015207,0.82,-13817322,0.81,-13291235,0.8,-12896741,0.76,-12244458,0.74,-14408934,0.73,-14541545,0.69,-13817317,0.63,-14542322,0.61,-13028062,0.57,-11129067,0.44,-9750506,0.4,-14935794,0.39,-11909852,0.35,-12306404,0.35,-15724780,0.35,-14211046,0.3,-7648229,0.29,-15659509,0.25,-11186135,0.23,-5742303,0.21,-14280178,0.18,-3235000,0.15,-12240350,0.15,-9935307,0.14,-263203,0.1,-13558256,0.1,-13685726,0.09,-339619,0.06,-1908567,0.05,-14802919,0.05,-15855345,0.04,-10009059,0.04,-5416412,0.03,-9721906,0.02,-9881310,0.02,-13753586,0.02,-10854327,0.01
014801_DSC03553.png.csv,01:48:10,270,-16447988,21.08,-15461356,14.58,-15987950,11.27,-16119283,7,-16448239,6.39,-16251124,3.62,-15395559,2.96,-15066347,2.93,-15263725,2.92,-15592690,2.71,-16316403,2.64,-15000807,2.47,-16381678,2.21,-15198444,1.82,-16251116,1.68,-16448250,1.49,-14474213,1.38,-15132902,1.31,-15987687,1,-13947876,0.81,-14474218,0.77,-14211045,0.7,-16119290,0.61,-15855340,0.44,-15263462,0.43,-13421796,0.38,-14211050,0.35,-14737382,0.3,-15724780,0.29,-15197939,0.26,-13027558,0.26,-14013674,0.25,-13421533,0.25,-13027036,0.25,-14342622,0.25,-14802667,0.24,-13947870,0.22,-16316411,0.2,-11119051,0.15,-12171993,0.15,-15790068,0.14,-13684708,0.12,-16382183,0.09,-10066358,0.07,-11776718,0.06,-14345194,0.05,-13487576,0.05,-658468,0.05,-12305884,0.05,-15855079,0.04,-5792149,0.04,-15528949,0.04,-2632526,0.04,-13817070,0.03,-11850213,0.02,-15065820,0.02,-14008253,0.01,-14867697,0.01,-5260626,0.01,-11120601,0.01,-7515075,0.01,-10380883,0,-15325927,0,-15593959,0
014802_DSC03554.png.csv,01:48:18,8,-16513780,16.28,-15461357,13.12,-16119022,10.66,-16119027,9.9,-16381683,7.8,-16381679,3.72,-15263725,3.54,-15592690,3.53,-16382447,3.4,-15066347,3.15,-15461095,2.66,-15000807,2.45,-15198442,2.21,-16251124,1.64,-16251115,1.57,-16184826,1.36,-14474213,1.24,-15855340,1.22,-16448250,1.15,-15328998,0.89,-15987688,0.86,-14539754,0.79,-14276325,0.78,-14013412,0.76,-16381946,0.46,-15855603,0.42,-13487076,0.4,-13158374,0.34,-15263475,0.32,-14802667,0.32,-14737383,0.32,-14276330,0.26,-13749988,0.26,-13487070,0.22,-14013418,0.21,-15855079,0.19,-13223646,0.17,-13026267,0.15,-14342623,0.15,-13947615,0.15,-12171480,0.15,-13749995,0.12,-11315923,0.1,-11052749,0.1,-13749982,0.07,-10526154,0.05,-15528946,0.05,-14280428,0.04,-16185850,0.03,-12697308,0.03,-11264229,0.02,-3940418,0.02,-132902,0.02,-6054550,0.02,-15920634,0.02,-15197405,0.02,-16316391,0.01,-5950663,0.01,-11361591,0.01,-14868210,0.01,-14080495,0.01,-13618640,0.01,-11050934,0.01,-15391978,0
015201_DSC03555.png.csv,01:52:02,218,-16448502,29.37,-16053747,17.63,-16251124,12.26,-15922159,8.54,-15461869,3.56,-15461875,3.18,-16448250,2.91,-16316405,2.83,-15067886,2.51,-14869997,1.94,-16119290,1.91,-14541548,1.45,-15068147,1.15,-15593972,1.03,-15659245,0.79,-14343915,0.79,-15396071,0.62,-13489126,0.57,-14015206,0.54,-14476007,0.45,-16185839,0.45,-14015468,0.45,-14278119,0.43,-16185596,0.43,-16382959,0.42,-12963046,0.37,-15067113,0.35,-14870258,0.32,-13752042,0.27,-13752037,0.21,-15922407,0.19,-12436707,0.18,-11779036,0.17,-11253210,0.16,-13423851,0.16,-15397881,0.15,-14410996,0.15,-12305628,0.14,-14346220,0.14,-15199482,0.12,-12962781,0.11,-10923984,0.07,-10135505,0.07,-11779298,0.06,-13620444,0.05,-13884148,0.04,-6713499,0.03,-659241,0.03,-3423585,0.03,-12241128,0.03,-9542066,0.03,-9280202,0.03,-15790068,0.02,-15593960,0.02,-3753877,0.02,-12175312,0.01,-11330793,0.01,-14673119,0.01,-7837366,0.01,-12242929,0.01,-13692916,0.01,-12831927,0,-10991230,0,-14210792,0
015301_DSC03556.png.csv,01:53:52,107,-16382709,27.16,-16053492,21.43,-16251123,10.17,-15527411,5.31,-16316405,4.44,-15922159,4.04,-16119290,3.78,-15461614,3.6,-16448250,3.09,-14935533,2.25,-15133166,1.87,-16381947,1.24,-15067891,1.11,-14541549,1.11,-14409195,0.95,-15659509,0.71,-14015212,0.59,-14935794,0.56,-14015207,0.49,-16251374,0.47,-13423590,0.46,-16382959,0.44,-15263977,0.44,-14343399,0.42,-13752043,0.29,-14476009,0.28,-12962789,0.27,-16185597,0.23,-14542066,0.23,-13489387,0.22,-15330553,0.22,-12436708,0.22,-13817573,0.22,-15528698,0.2,-13028327,0.19,-15724781,0.15,-11910109,0.14,-15922152,0.13,-14412022,0.09,-11252692,0.09,-13884147,0.08,-15790069,0.07,-13160156,0.07,-12305628,0.07,-12306664,0.04,-6385048,0.04,-9673394,0.04,-9806284,0.04,-1121331,0.03,-11976162,0.03,-13359338,0.03,-13626354,0.03,-3819364,0.03,-7572399,0.02,-11851245,0.01,-13226163,0.01,-3952548,0.01,-10937322,0.01,-14803680,0.01,-15659495,0.01,-14211046,0.01,-15790062,0.01,-9998957,0,-7838158,0
015501_DSC03557.png.csv,01:55:04,70,-16579310,17.23,-15527148,14.22,-15987693,8.97,-15461351,7.69,-16579315,7.17,-16381677,6.25,-16381682,3.04,-16053491,2.7,-15001067,2.61,-15263724,2.5,-15001061,2.5,-15198693,2.38,-15921895,1.97,-14409188,1.6,-15067885,1.4,-16447975,1.27,-15592946,1.22,-13949668,1.06,-14541542,1.04,-14080478,0.98,-15724779,0.78,-12175067,0.7,-12963035,0.68,-15790059,0.68,-13423326,0.67,-13358308,0.67,-7444174,0.65,-14014951,0.64,-9744083,0.63,-14541803,0.57,-10992345,0.47,-5670604,0.43,-16316409,0.42,-15001055,0.38,-8956117,0.36,-12963555,0.29,-13095389,0.29,-8168148,0.26,-11582162,0.26,-11322077,0.25,-11978979,0.23,-5012679,0.22,-9151697,0.21,-4880569,0.2,-15067635,0.2,-15855079,0.17,-3434161,0.11,-14543082,0.11,-15724788,0.1,-15659494,0.09,-10067377,0.08,-14606815,0.08,-2962510,0.06,-13290445,0.05,-6917050,0.05,-7041681,0.04,-3763140,0.03,-15790558,0.02,-14411250,0.02,-13224118,0.01,-7838946,0.01,-10395512,0.01,-7455179,0,-11265003,0
020901_DSC03558.png.csv,02:09:28,840,-16448507,30.99,-16120572,9.43,-15398647,7.81,-16448503,7.76,-15004923,6.38,-15529722,5.28,-15661562,4.85,-15070198,3.44,-14413557,2.29,-15922938,2.1,-16381948,1.9,-16186103,1.87,-13954293,1.46,-14545399,1.38,-13494773,0.93,-13889274,0.78,-15857400,0.76,-14611194,0.71,-15137021,0.66,-13362931,0.61,-12903925,0.55,-11066355,0.51,-15661304,0.45,-12379382,0.41,-10017012,0.39,-5024242,0.36,-13101561,0.35,-11983859,0.34,-5813747,0.32,-11920117,0.3,-13953526,0.29,-10013164,0.29,-12048877,0.27,-8768755,0.26,-7915763,0.26,-11065582,0.26,-16316152,0.23,-9491441,0.21,-6797806,0.2,-6667507,0.2,-5352687,0.19,-14021114,0.18,-6996468,0.18,-13296878,0.18,-12901871,0.18,-8899054,0.16,-10931692,0.15,-7849198,0.14,-13953519,0.12,-9353960,0.12,-14872565,0.11,-7715819,0.11,-11264500,0.07,-3510505,0.07,-5872865,0.04,-9877203,0.03,-1388630,0.03,-3631276,0.03,-6721194,0.02,-11390427,0.02,-15201006,0.02,-13163739,0.01,-9743546,0.01,-7460828,0
021001_DSC03559.png.csv,02:10:06,37,-16514044,45.83,-15988474,14.03,-16120317,10.69,-16382456,5.3,-16316412,4.7,-15528695,2.87,-15988216,2.27,-15529210,2.05,-14937590,1.77,-16185592,1.61,-13952244,1.14,-14478069,1.03,-15003641,0.91,-15135226,0.83,-15135223,0.82,-16316151,0.66,-14084599,0.57,-14345972,0.47,-15661565,0.38,-14412794,0.36,-15331061,0.27,-13425902,0.24,-13360371,0.17,-14345711,0.08,-13951982,0.08,-13031917,0.07,-12965358,0.07,-15268346,0.07,-13162471,0.05,-12375020,0.05,-13031667,0.05,-12045545,0.04,-13819630,0.03,-14480121,0.03,-14083835,0.03,-15002606,0.03,-14412268,0.03,-13558259,0.03,-13492719,0.02,-13819636,0.02,-11783407,0.02,-1254742,0.02,-13884902,0.02,-11913178,0.02,-9808595,0.02,-10991828,0.02,-3099830,0.01,-10006237,0.01,-5201008,0.01,-9543606,0.01,-2708326,0.01,-15398126,0.01,-7771099,0.01,-11003629,0.01,-5926039,0.01,-13621978,0.01,-15265018,0.01,-13362682,0.01,-7376047,0.01,-266540,0.01,-7067857,0,-13562871,0,-13031088,0,-12832489,0
021901_DSC03560.png.csv,02:19:08,527,-16382966,25.68,-15988467,13.11,-16120308,12.96,-15528948,6.92,-15594478,5.6,-15857135,3.79,-15135220,3.38,-14871790,3.26,-16448250,2.55,-15003379,1.99,-16054010,1.77,-14543597,1.66,-13952237,1.34,-14412787,1.26,-15529722,1.09,-15396589,0.87,-16054779,0.87,-16381946,0.76,-14345965,0.75,-14084335,0.72,-15134958,0.62,-16185839,0.61,-15464186,0.61,-14084595,0.48,-13360619,0.47,-16317166,0.46,-15396594,0.45,-12375269,0.42,-13492973,0.36,-12178921,0.36,-14214631,0.34,-12901354,0.33,-13360358,0.31,-11849444,0.31,-12900839,0.28,-15068922,0.27,-15068391,0.27,-12768998,0.25,-15594215,0.25,-14018292,0.24,-11060702,0.2,-11127267,0.18,-5476814,0.18,-9943771,0.18,-7579352,0.16,-9089495,0.15,-13428723,0.13,-13296362,0.1,-6790096,0.09,-14545400,0.09,-10273765,0.08,-11979995,0.08,-10402779,0.07,-4027312,0.07,-6923491,0.03,-9479348,0.03,-13557483,0.03,-11916787,0.03,-2243669,0.03,-5541309,0.02,-13819613,0.02,-10802662,0.01,-8033146,0.01,-15920371,0
021902_DSC03561.png.csv,02:19:18,10,-16448502,20.25,-15463668,11.29,-15135220,7.78,-16120309,6.27,-15922931,5.92,-14478579,3.9,-14937583,3.63,-16514298,3.38,-14937843,3.07,-15528687,2.91,-13886957,2.6,-14478062,2.59,-13427436,2.03,-15726839,1.74,-15529722,1.68,-14084335,1.44,-14084850,1.41,-12114153,1.33,-15134959,1.17,-14280429,1.14,-12836587,1,-15989498,0.97,-13164007,0.92,-15988473,0.9,-13099500,0.79,-15332858,0.75,-15857136,0.73,-11326185,0.69,-15331310,0.63,-10931685,0.61,-10012646,0.48,-16317167,0.45,-11982575,0.42,-14148839,0.4,-5151445,0.36,-9094117,0.34,-7911907,0.3,-6728669,0.3,-9091546,0.29,-13362674,0.29,-7911390,0.28,-13953010,0.26,-6005978,0.25,-15331059,0.25,-8764899,0.25,-14937319,0.21,-6992099,0.18,-13688552,0.17,-7515351,0.14,-14545398,0.13,-11586780,0.13,-3574480,0.11,-13162461,0.08,-3109048,0.08,-9749470,0.07,-1846347,0.07,-7117239,0.06,-11057869,0.04,-15135207,0.03,-10136502,0.03,-6397654,0.01,-11724018,0.01,-11320426,0,-16051702,0
021903_DSC03562.png.csv,02:19:26,8,-16448502,23.26,-15463413,13.26,-15135219,7.55,-15988213,6.54,-16185845,4.34,-14937583,3.81,-16448250,3.27,-14937843,3.2,-13952237,3.01,-14478323,2.91,-15595258,2.8,-14477806,2.52,-15922938,2.38,-14280429,2.15,-16316406,1.22,-15396594,0.96,-13492972,0.95,-15332857,0.95,-14084082,0.93,-16054779,0.88,-14149355,0.81,-15661307,0.78,-12113640,0.76,-12901867,0.73,-15528687,0.66,-12376557,0.65,-13360875,0.53,-9947111,0.52,-13426150,0.51,-10931430,0.5,-7976931,0.46,-15134959,0.45,-15396591,0.41,-15922415,0.41,-8830180,0.41,-15003386,0.39,-12835046,0.38,-9093863,0.37,-11916010,0.36,-13165036,0.35,-11260394,0.33,-16317167,0.26,-7253724,0.26,-14870761,0.22,-7057380,0.21,-6005723,0.2,-13625331,0.17,-9287129,0.13,-11520989,0.12,-9813219,0.12,-13557482,0.1,-5216205,0.08,-5610713,0.07,-3893674,0.07,-13293532,0.06,-2307682,0.06,-9806515,0.05,-461094,0.05,-10991826,0.04,-9817331,0.03,-10210530,0.02,-9606267,0.01,-15136745,0.01,-16051704,0
021904_DSC03563.png.csv,02:19:34,8,-16513780,16.88,-15461357,10.7,-16513774,8.58,-15001067,6.55,-15527154,3.87,-14476012,3.42,-13950182,2.97,-15395559,2.87,-14935270,2.83,-14409189,2.75,-15132909,2.72,-13950443,2.42,-16053491,2.26,-15263725,2.21,-16053486,2.19,-16251123,2.01,-14541287,1.98,-16381932,1.97,-14409450,1.89,-16513786,1.71,-15132902,1.62,-16316403,1.6,-13424101,1.14,-13948387,1.08,-14082283,0.78,-13490662,0.78,-13490922,0.78,-15329252,0.67,-14148071,0.63,-13293022,0.63,-12900069,0.62,-13228265,0.58,-15001586,0.55,-16184826,0.54,-13948126,0.53,-14146527,0.5,-13948648,0.46,-13290203,0.45,-12243686,0.39,-16250601,0.34,-12104909,0.31,-15724783,0.22,-14410994,0.2,-144275,0.18,-11783133,0.17,-1661360,0.16,-11586789,0.15,-13618904,0.14,-9418974,0.14,-6461907,0.13,-15000799,0.12,-4354231,0.09,-13488100,0.08,-14541025,0.07,-12697045,0.07,-10788537,0.06,-473763,0.06,-395551,0.06,-10144229,0.05,-1846124,0.05,-10237454,0.03,-5749440,0.02,-13542245,0.01,-14337701,0.01
021905_DSC03564.png.csv,02:19:42,8,-16513780,15.41,-15461356,13.44,-16579567,10,-15000811,8.59,-15000806,4.68,-15395559,3.89,-15263724,3.8,-15987694,3.25,-14409189,2.87,-16053491,2.79,-15592690,2.59,-14476011,2.12,-15132902,1.96,-14015717,1.96,-14541287,1.9,-16513530,1.67,-16316404,1.59,-16251123,1.55,-15132909,1.54,-16251373,1.41,-14409450,1.32,-14081514,1.26,-15328997,1.23,-13948387,0.92,-16381932,0.92,-14080222,0.7,-16250618,0.61,-14148072,0.56,-15132658,0.44,-13355737,0.44,-13359589,0.41,-14145256,0.36,-15987687,0.35,-11842251,0.34,-15855340,0.29,-13684699,0.27,-14737382,0.25,-3175880,0.22,-13489374,0.22,-5148370,0.19,-15724779,0.16,-11653094,0.16,-15000543,0.16,-15790325,0.15,-1466296,0.14,-15855335,0.12,-7579865,0.11,-10865121,0.1,-1795268,0.09,-9287648,0.07,-9287900,0.07,-6398676,0.07,-330017,0.05,-11775163,0.05,-13619429,0.05,-14279921,0.04,-14671836,0.03,-10238996,0.03,-6514832,0.02,-4007231,0.02,-15920344,0.01,-4628428,0.01,-13803364,0.01,-15129333,0
021906_DSC03565.png.csv,02:19:48,6,-16382966,13.79,-15002607,8.87,-14410989,7.95,-15331059,6.91,-16185588,6.4,-15988212,5.78,-15528437,5.41,-15002867,5.11,-14017004,3.92,-14804717,3.05,-15396334,3.03,-14608878,2.66,-16448250,2.48,-14542578,2.17,-13950443,1.97,-14804978,1.54,-15922159,1.49,-14608627,1.48,-15922938,1.43,-16316406,1.36,-14410727,1.3,-15135220,1.09,-13884647,0.96,-15593967,0.95,-15528954,0.86,-15134458,0.7,-16185851,0.6,-14212842,0.57,-13358310,0.56,-13556715,0.44,-12897509,0.43,-13556454,0.39,-16317167,0.38,-14083058,0.37,-14082535,0.36,-13293032,0.35,-7189991,0.29,-9423338,0.28,-11318744,0.24,-15001831,0.24,-12114412,0.22,-5744357,0.2,-12371683,0.18,-11261422,0.17,-13362160,0.16,-10004177,0.12,-4889828,0.1,-12240350,0.1,-15331820,0.09,-3707102,0.08,-12963551,0.07,-198182,0.05,-5153253,0.05,-13884914,0.05,-3217462,0.04,-5874653,0.04,-7721449,0.03,-10516046,0.02,-4741013,0.02,-15197144,0.01,-13547937,0.01,-3847091,0.01,-11002604,0.01,-15986164,0
